<?xml version="1.0" encoding="UTF-8"?>
<!--

       Copyright 2010-2016 the original author or authors.

       Licensed under the Apache License, Version 2.0 (the "License");
       you may not use this file except in compliance with the License.
       You may obtain a copy of the License at

          http://www.apache.org/licenses/LICENSE-2.0

       Unless required by applicable law or agreed to in writing, software
       distributed under the License is distributed on an "AS IS" BASIS,
       WITHOUT WARRANTIES OR CONDITIONS OF ANY KIND, either express or implied.
       See the License for the specific language governing permissions and
       limitations under the License.

-->
<project name="${project.name}" xmlns="http://maven.apache.org/DECORATION/1.7.0" xmlns:xsi="http://www.w3.org/2001/XMLSchema-instance"
    xsi:schemaLocation="http://maven.apache.org/DECORATION/1.7.0 http://maven.apache.org/xsd/decoration-1.7.0.xsd">

  <body>
    <menu name="Reference Documentation">
      <item name="简介" href="index.html"/>
      <item name="第二章 入门" href="getting-started.html"/>
      <item name="SqlSessionFactoryBean" href="factorybean.html"/>
      <item name="第四章 事务" href="transactions.html" collapse="true">
        <item href="transactions.html#configuration" name="标准配置" />
        <item href="transactions.html#container" name="容器管理事务" />
        <item href="transactions.html#programmatic" name="编程式事务管理" />
      </item>
      <item name="第五章 使用 SqlSession" href="sqlsession.html" collapse="true">
        <item href="sqlsession.html#SqlSessionTemplate" name="SqlSessionTemplate" />
        <item href="sqlsession.html#SqlSessionDaoSupport" name="SqlSessionDaoSupport" />
      </item>
      <item name="第六章 注入映射器" href="mappers.html" collapse="true">
        <item href="mappers.html#MapperFactoryBean" name="MapperFactoryBean" />
        <item href="mappers.html#MapperScannerConfigurer" name="MapperScannerConfigurer" />
      </item>
      <item name="Spring Boot" href="boot.html"/>
      <item name="第七章 使用 MyBatis API" href="using-api.html"/>
      <item name="Spring Batch" href="batch.html"/>
      <item name="第八章 示例代码" href="sample.html"/>
    </menu>

    <menu ref="reports"/>
  </body>
</project>
